DateTime,CLOSE
2010/9/6,NaN
2010/9/7,NaN
2010/9/8,NaN
2010/9/9,NaN
2010/9/10,NaN
2010/9/13,NaN
2010/9/14,NaN
2010/9/15,NaN
2010/9/16,NaN
2010/9/17,NaN
2010/9/20,NaN
2010/9/21,NaN
2010/9/27,NaN
2010/9/28,NaN
2010/9/29,NaN
2010/9/30,NaN
2010/10/8,NaN
2010/10/11,NaN
2010/10/12,NaN
2010/10/13,NaN
2010/10/14,NaN
2010/10/15,NaN
2010/10/18,NaN
2010/10/19,NaN
2010/10/20,NaN
2010/10/21,NaN
2010/10/22,NaN
2010/10/25,NaN
2010/10/26,NaN
2010/10/27,NaN
2010/10/28,NaN
2010/10/29,NaN
2010/11/1,NaN
2010/11/2,NaN
2010/11/3,NaN
2010/11/4,NaN
2010/11/5,NaN
2010/11/8,NaN
2010/11/9,NaN
2010/11/10,NaN
2010/11/11,NaN
2010/11/12,NaN
2010/11/15,NaN
2010/11/16,NaN
2010/11/17,NaN
2010/11/18,NaN
2010/11/19,NaN
2010/11/22,NaN
2010/11/23,NaN
2010/11/24,NaN
2010/11/25,NaN
2010/11/26,NaN
2010/11/29,NaN
2010/11/30,NaN
2010/12/1,NaN
2010/12/2,NaN
2010/12/3,NaN
2010/12/6,NaN
2010/12/7,NaN
2010/12/8,NaN
2010/12/9,NaN
2010/12/10,NaN
2010/12/13,NaN
2010/12/14,NaN
2010/12/15,NaN
2010/12/16,NaN
2010/12/17,NaN
2010/12/20,NaN
2010/12/21,NaN
2010/12/22,NaN
2010/12/23,NaN
2010/12/24,NaN
2010/12/27,NaN
2010/12/28,NaN
2010/12/29,NaN
2010/12/30,NaN
2010/12/31,NaN
2011/1/4,NaN
2011/1/5,NaN
2011/1/6,NaN
2011/1/7,NaN
2011/1/10,NaN
2011/1/11,NaN
2011/1/12,NaN
2011/1/13,NaN
2011/1/14,NaN
2011/1/17,NaN
2011/1/18,NaN
2011/1/19,NaN
2011/1/20,NaN
2011/1/21,NaN
2011/1/24,NaN
2011/1/25,NaN
2011/1/26,NaN
2011/1/27,NaN
2011/1/28,NaN
2011/1/31,NaN
2011/2/1,NaN
2011/2/9,NaN
2011/2/10,NaN
2011/2/11,NaN
2011/2/14,NaN
2011/2/15,NaN
2011/2/16,NaN
2011/2/17,NaN
2011/2/18,NaN
2011/2/21,NaN
2011/2/22,NaN
2011/2/23,NaN
2011/2/24,NaN
2011/2/25,NaN
2011/2/28,NaN
2011/3/1,NaN
2011/3/2,NaN
2011/3/3,NaN
2011/3/4,NaN
2011/3/7,NaN
2011/3/8,NaN
2011/3/9,NaN
2011/3/10,NaN
2011/3/11,NaN
2011/3/14,NaN
2011/3/15,NaN
2011/3/16,NaN
2011/3/17,NaN
2011/3/18,NaN
2011/3/21,NaN
2011/3/22,NaN
2011/3/23,NaN
2011/3/24,NaN
2011/3/25,NaN
2011/3/28,NaN
2011/3/29,NaN
2011/3/30,NaN
2011/3/31,NaN
2011/4/1,NaN
2011/4/6,NaN
2011/4/7,NaN
2011/4/8,NaN
2011/4/11,NaN
2011/4/12,NaN
2011/4/13,NaN
2011/4/14,NaN
2011/4/15,NaN
2011/4/18,NaN
2011/4/19,NaN
2011/4/20,NaN
2011/4/21,NaN
2011/4/22,NaN
2011/4/25,NaN
2011/4/26,NaN
2011/4/27,NaN
2011/4/28,NaN
2011/4/29,NaN
2011/5/3,NaN
2011/5/4,NaN
2011/5/5,NaN
2011/5/6,NaN
2011/5/9,NaN
2011/5/10,NaN
2011/5/11,NaN
2011/5/12,NaN
2011/5/13,NaN
2011/5/16,NaN
2011/5/17,NaN
2011/5/18,NaN
2011/5/19,NaN
2011/5/20,NaN
2011/5/23,NaN
2011/5/24,NaN
2011/5/25,NaN
2011/5/26,NaN
2011/5/27,NaN
2011/5/30,NaN
2011/5/31,NaN
2011/6/1,NaN
2011/6/2,NaN
2011/6/3,NaN
2011/6/7,NaN
2011/6/8,NaN
2011/6/9,NaN
2011/6/10,NaN
2011/6/13,NaN
2011/6/14,NaN
2011/6/15,NaN
2011/6/16,NaN
2011/6/17,NaN
2011/6/20,NaN
2011/6/21,NaN
2011/6/22,NaN
2011/6/23,NaN
2011/6/24,NaN
2011/6/27,NaN
2011/6/28,NaN
2011/6/29,NaN
2011/6/30,NaN
2011/7/1,NaN
2011/7/4,NaN
2011/7/5,NaN
2011/7/6,NaN
2011/7/7,NaN
2011/7/8,NaN
2011/7/11,NaN
2011/7/12,NaN
2011/7/13,NaN
2011/7/14,NaN
2011/7/15,NaN
2011/7/18,NaN
2011/7/19,NaN
2011/7/20,NaN
2011/7/21,NaN
2011/7/22,NaN
2011/7/25,NaN
2011/7/26,NaN
2011/7/27,NaN
2011/7/28,NaN
2011/7/29,NaN
2011/8/1,NaN
2011/8/2,NaN
2011/8/3,NaN
2011/8/4,NaN
2011/8/5,NaN
2011/8/8,NaN
2011/8/9,NaN
2011/8/10,NaN
2011/8/11,NaN
2011/8/12,NaN
2011/8/15,NaN
2011/8/16,NaN
2011/8/17,NaN
2011/8/18,NaN
2011/8/19,NaN
2011/8/22,NaN
2011/8/23,NaN
2011/8/24,NaN
2011/8/25,NaN
2011/8/26,NaN
2011/8/29,NaN
2011/8/30,NaN
2011/8/31,NaN
2011/9/1,NaN
2011/9/2,NaN
2011/9/5,NaN
2011/9/6,NaN
2011/9/7,NaN
2011/9/8,NaN
2011/9/9,NaN
2011/9/13,NaN
2011/9/14,NaN
2011/9/15,NaN
2011/9/16,NaN
2011/9/19,NaN
2011/9/20,NaN
2011/9/21,NaN
2011/9/22,NaN
2011/9/23,NaN
2011/9/26,NaN
2011/9/27,NaN
2011/9/28,NaN
2011/9/29,NaN
2011/9/30,NaN
2011/10/10,NaN
2011/10/11,NaN
2011/10/12,NaN
2011/10/13,NaN
2011/10/14,NaN
2011/10/17,NaN
2011/10/18,NaN
2011/10/19,NaN
2011/10/20,NaN
2011/10/21,NaN
2011/10/24,NaN
2011/10/25,NaN
2011/10/26,NaN
2011/10/27,NaN
2011/10/28,NaN
2011/10/31,NaN
2011/11/1,NaN
2011/11/2,NaN
2011/11/3,NaN
2011/11/4,NaN
2011/11/7,NaN
2011/11/8,NaN
2011/11/9,NaN
2011/11/10,NaN
2011/11/11,NaN
2011/11/14,NaN
2011/11/15,NaN
2011/11/16,NaN
2011/11/17,NaN
2011/11/18,NaN
2011/11/21,NaN
2011/11/22,NaN
2011/11/23,NaN
2011/11/24,NaN
2011/11/25,NaN
2011/11/28,NaN
2011/11/29,NaN
2011/11/30,NaN
2011/12/1,NaN
2011/12/2,NaN
2011/12/5,NaN
2011/12/6,NaN
2011/12/7,NaN
2011/12/8,NaN
2011/12/9,NaN
2011/12/12,NaN
2011/12/13,NaN
2011/12/14,NaN
2011/12/15,NaN
2011/12/16,NaN
2011/12/19,NaN
2011/12/20,NaN
2011/12/21,NaN
2011/12/22,NaN
2011/12/23,NaN
2011/12/26,NaN
2011/12/27,NaN
2011/12/28,NaN
2011/12/29,NaN
2011/12/30,1000
2012/1/4,971.508
2012/1/5,933.958
2012/1/6,944.923
2012/1/9,987.543
2012/1/10,1033.679
2012/1/11,1040.015
2012/1/12,1040.192
2012/1/13,1005.84
2012/1/16,961.044
2012/1/17,1023.229
2012/1/18,1005.518
2012/1/19,1020.143
2012/1/20,1029.934
2012/1/30,1022.388
2012/1/31,1021.105
2012/2/1,1007.875
2012/2/2,1031.428
2012/2/3,1049.374
2012/2/6,1060.463
2012/2/7,1038.946
2012/2/8,1071.749
2012/2/9,1077.245
2012/2/10,1079.869
2012/2/13,1091.965
2012/2/14,1087.964
2012/2/15,1104.105
2012/2/16,1104.119
2012/2/17,1101.758
2012/2/20,1103.198
2012/2/21,1120.122
2012/2/22,1139.122
2012/2/23,1137.169
2012/2/24,1149.839
2012/2/27,1150.884
2012/2/28,1133.771
2012/2/29,1118.901
2012/3/1,1125.39
2012/3/2,1146.646
2012/3/5,1143.196
2012/3/6,1129.264
2012/3/7,1122.485
2012/3/8,1138.605
2012/3/9,1153.478
2012/3/12,1164.146
2012/3/13,1178.166
2012/3/14,1125.263
2012/3/15,1105.964
2012/3/16,1131.749
2012/3/19,1147.991
2012/3/20,1122.846
2012/3/21,1130.361
2012/3/22,1121.34
2012/3/23,1094.72
2012/3/26,1091.957
2012/3/27,1090.173
2012/3/28,1040.178
2012/3/29,1017.626
2012/3/30,1013.242
2012/4/5,1043.238
2012/4/6,1045.436
2012/4/9,1026.872
2012/4/10,1036.691
2012/4/11,1034.847
2012/4/12,1055.785
2012/4/13,1064.388
2012/4/16,1059.366
2012/4/17,1049.597
2012/4/18,1076.751
2012/4/19,1076.648
2012/4/20,1082.773
2012/4/23,1059.437
2012/4/24,1049.017
2012/4/25,1059.822
2012/4/26,1058.708
2012/4/27,1051.506
2012/5/2,1072.682
2012/5/3,1072.147
2012/5/4,1086.825
2012/5/7,1097.2
2012/5/8,1097.235
2012/5/9,1071.612
2012/5/10,1075.892
2012/5/11,1064.128
2012/5/14,1060.684
2012/5/15,1055.646
2012/5/16,1039.844
2012/5/17,1053.866
2012/5/18,1036.347
2012/5/21,1036.594
2012/5/22,1049.413
2012/5/23,1038.621
2012/5/24,1040.133
2012/5/25,1032.222
2012/5/28,1043.942
2012/5/29,1065.492
2012/5/30,1074.077
2012/5/31,1075.681
2012/6/1,1067.892
2012/6/4,1032.497
2012/6/5,1029.487
2012/6/6,1028.52
2012/6/7,1024.142
2012/6/8,1020.95
2012/6/11,1040.699
2012/6/12,1030.008
2012/6/13,1046.45
2012/6/14,1041.766
2012/6/15,1043.568
2012/6/18,1051.965
2012/6/19,1037.306
2012/6/20,1035.789
2012/6/21,1020.518
2012/6/25,987.341
2012/6/26,984.709
2012/6/27,979.317
2012/6/28,956.669
2012/6/29,970.761
2012/7/2,979.01
2012/7/3,972.42
2012/7/4,968.381
2012/7/5,943.496
2012/7/6,955.895
2012/7/9,929.497
2012/7/10,928.339
2012/7/11,936.187
2012/7/12,947.636
2012/7/13,938.76
2012/7/16,900.115
2012/7/17,902.136
2012/7/18,912.501
2012/7/19,918.591
2012/7/20,912.845
2012/7/23,901.089
2012/7/24,906.063
2012/7/25,898.607
2012/7/26,889.935
2012/7/27,888.236
2012/7/30,877.498
2012/7/31,856.098
2012/8/1,874.223
2012/8/2,867.073
2012/8/3,888.135
2012/8/6,914.143
2012/8/7,920.074
2012/8/8,922.074
2012/8/9,931.189
2012/8/10,928.504
2012/8/13,907.617
2012/8/14,910.995
2012/8/15,899.175
2012/8/16,898.937
2012/8/17,900.81
2012/8/20,897.99
2012/8/21,910.788
2012/8/22,901.354
2012/8/23,909.591
2012/8/24,892.133
2012/8/27,861.214
2012/8/28,863.733
2012/8/29,857.07
2012/8/30,847.349
2012/8/31,849.673
2012/9/3,862.014
2012/9/4,850.435
2012/9/5,853.932
2012/9/6,867.437
2012/9/7,905.751
2012/9/10,911.238
2012/9/11,907.477
2012/9/12,913.311
2012/9/13,900.789
2012/9/14,901.92
2012/9/17,871.239
2012/9/18,866.24
2012/9/19,872.845
2012/9/20,842.16
2012/9/21,840.096
2012/9/24,844.641
2012/9/25,836.78
2012/9/26,818.834
2012/9/27,837.576
2012/9/28,857.195
2012/10/8,857.693
2012/10/9,878.712
2012/10/10,882.335
2012/10/11,869.102
2012/10/12,865.58
2012/10/15,858.673
2012/10/16,860.207
2012/10/17,863.078
2012/10/18,876.008
2012/10/19,874.745
2012/10/22,875.454
2012/10/23,870.629
2012/10/24,870.867
2012/10/25,864.916
2012/10/26,841.378
2012/10/29,838.184
2012/10/30,836.647
2012/10/31,839.349
2012/11/1,853.348
2012/11/2,854.195
2012/11/5,851.667
2012/11/6,847.33
2012/11/7,846.858
2012/11/8,819.437
2012/11/9,815.302
2012/11/12,824.181
2012/11/13,811.522
2012/11/14,813.239
2012/11/15,795.269
2012/11/16,789.279
2012/11/19,793.914
2012/11/20,791.916
2012/11/21,798.622
2012/11/22,789.319
2012/11/23,789.943
2012/11/26,780.924
2012/11/27,754.189
2012/11/28,738.966
2012/11/29,729.782
2012/11/30,737.8
2012/12/3,716.859
2012/12/4,724.188
2012/12/5,752.523
2012/12/6,749.391
2012/12/7,767.779
2012/12/10,784.422
2012/12/11,779.663
2012/12/12,782.067
2012/12/13,770.56
2012/12/14,804.364
2012/12/17,808.504
2012/12/18,810.062
2012/12/19,816.537
2012/12/20,822.613
2012/12/21,817.434
2012/12/24,818.442
2012/12/25,835.852
2012/12/26,848.025
2012/12/27,839.754
2012/12/28,845.709
2012/12/31,857.651
2013/1/4,858.267
2013/1/7,864.775
2013/1/8,877.69
2013/1/9,882.922
2013/1/10,896.265
2013/1/11,873.376
2013/1/14,902.4
2013/1/15,928.595
2013/1/16,927.672
2013/1/17,910.976
2013/1/18,924.378
2013/1/21,927.809
2013/1/22,908.835
2013/1/23,911.266
2013/1/24,890.179
2013/1/25,890.118
2013/1/28,909.209
2013/1/29,914.46
2013/1/30,916.843
2013/1/31,916.379
2013/2/1,917.351
2013/2/4,913.722
2013/2/5,919.117
2013/2/6,925.315
2013/2/7,927.745
2013/2/8,940.982
2013/2/18,949.477
2013/2/19,934.854
2013/2/20,948.734
2013/2/21,924.298
2013/2/22,919.78
2013/2/25,929.299
2013/2/26,910.953
2013/2/27,912.228
2013/2/28,935.244
2013/3/1,946.39
2013/3/4,919.929
2013/3/5,938.887
2013/3/6,952.677
2013/3/7,942.968
2013/3/8,935.413
2013/3/11,934.445
2013/3/12,913.576
2013/3/13,904.089
2013/3/14,906.501
2013/3/15,908.381
2013/3/18,882.149
2013/3/19,882.737
2013/3/20,907.356
2013/3/21,914.156
2013/3/22,915.806
2013/3/25,915.901
2013/3/26,905.27
2013/3/27,908.776
2013/3/28,880.265
2013/3/29,877.819
2013/4/1,881.277
2013/4/2,870.247
2013/4/3,864.6
2013/4/8,864.769
2013/4/9,878.137
2013/4/10,880.262
2013/4/11,876.209
2013/4/12,868.491
2013/4/15,851.157
2013/4/16,859.142
2013/4/17,867.381
2013/4/18,868.567
2013/4/19,887.435
2013/4/22,897.949
2013/4/23,874.081
2013/4/24,894.839
2013/4/25,882.897
2013/4/26,872.879
2013/5/2,877.9
2013/5/3,904.499
2013/5/6,929.378
2013/5/7,930.585
2013/5/8,941.463
2013/5/9,955.648
2013/5/10,968.865
2013/5/13,970.094
2013/5/14,969.439
2013/5/15,985.809
2013/5/16,998.173
2013/5/17,1012.622
2013/5/20,1034.61
2013/5/21,1048.584
2013/5/22,1049.03
2013/5/23,1038.959
2013/5/24,1060.721
2013/5/27,1076.96
2013/5/28,1068.553
2013/5/29,1083.309
2013/5/30,1077.681
2013/5/31,1063.386
2013/6/3,1048.142
2013/6/4,1032.609
2013/6/5,1041.869
2013/6/6,1025.236
2013/6/7,1006.406
2013/6/13,978.127
2013/6/14,1004.457
2013/6/17,1019.68
2013/6/18,1020.729
2013/6/19,1022.605
2013/6/20,971.488
2013/6/21,967.369
2013/6/24,900.844
2013/6/25,902.491
2013/6/26,928.858
2013/6/27,902.498
2013/6/28,900.127
2013/7/1,926.195
2013/7/2,946.236
2013/7/3,950.766
2013/7/4,966.383
2013/7/5,951.959
2013/7/8,907.906
2013/7/9,904.504
2013/7/10,939.1
2013/7/11,963.954
2013/7/12,957.536
2013/7/15,980.658
2013/7/16,999.346
2013/7/17,964.308
2013/7/18,965.719
2013/7/19,943.822
2013/7/22,957.082
2013/7/23,985.417
2013/7/24,985.205
2013/7/25,968.131
2013/7/26,959.41
2013/7/29,944.59
2013/7/30,937.278
2013/7/31,941.339
2013/8/1,974.538
2013/8/2,976.307
2013/8/5,987.797
2013/8/6,996.632
2013/8/7,988.678
2013/8/8,984.689
2013/8/9,986.319
2013/8/12,1013.625
2013/8/13,1023.696
2013/8/14,1014.272
2013/8/15,1001.62
2013/8/16,978.7
2013/8/19,998.903
2013/8/20,991.319
2013/8/21,999.029
2013/8/22,1010.129
2013/8/23,1009.623
2013/8/26,1023.964
2013/8/27,1027.747
2013/8/28,1014.893
2013/8/29,1006.497
2013/8/30,995.77
2013/9/2,1009.082
2013/9/3,1033.437
2013/9/4,1036.781
2013/9/5,1033.642
2013/9/6,1044.519
2013/9/9,1051.57
2013/9/10,1065.292
2013/9/11,1063.022
2013/9/12,1058.557
2013/9/13,1060.531
2013/9/16,1060.492
2013/9/17,1045.173
2013/9/18,1050.202
2013/9/23,1080.558
2013/9/24,1078.173
2013/9/25,1068.049
2013/9/26,1051.395
2013/9/27,1058.938
2013/9/30,1071.396
2013/10/8,1097.771
2013/10/9,1109.849
2013/10/10,1110.418
2013/10/11,1124.517
2013/10/14,1134.088
2013/10/15,1128.632
2013/10/16,1099.659
2013/10/17,1112.126
2013/10/18,1115.733
2013/10/21,1153.063
2013/10/22,1147.42
2013/10/23,1114.114
2013/10/24,1110.38
2013/10/25,1094.036
2013/10/28,1094.201
2013/10/29,1061.13
2013/10/30,1073.957
2013/10/31,1046.308
2013/11/1,1045.7
2013/11/4,1057.125
2013/11/5,1069.092
2013/11/6,1059.798
2013/11/7,1040.365
2013/11/8,1018.947
2013/11/11,1030.497
2013/11/12,1039.031
2013/11/13,1012.487
2013/11/14,1027.745
2013/11/15,1047.083
2013/11/18,1071.363
2013/11/19,1072.366
2013/11/20,1081.503
2013/11/21,1075.712
2013/11/22,1070.306
2013/11/25,1062.999
2013/11/26,1060.005
2013/11/27,1077.859
2013/11/28,1089.691
2013/11/29,1092.945
2013/12/2,1044.791
2013/12/3,1070.497
2013/12/4,1088.677
2013/12/5,1091.146
2013/12/6,1086.802
2013/12/9,1086.661
2013/12/10,1083.763
2013/12/11,1067.125
2013/12/12,1072.911
2013/12/13,1074.113
2013/12/16,1063.202
2013/12/17,1055.959
2013/12/18,1055.097
2013/12/19,1045.315
2013/12/20,1025.113
2013/12/23,1020.299
2013/12/24,1023.187
2013/12/25,1038.13
2013/12/26,1021.949
2013/12/27,1041.157
2013/12/30,1050.071
2013/12/31,1057.661
2014/1/2,1060.921
2014/1/3,1059.827
2014/1/6,1034.449
2014/1/7,1050.432
2014/1/8,1054.704
2014/1/9,1039.356
2014/1/10,1021.12
2014/1/13,1012.022
2014/1/14,1027.879
2014/1/15,1042.526
2014/1/16,1043.421
2014/1/17,1030.556
2014/1/20,1019.516
2014/1/21,1033.581
2014/1/22,1060.024
2014/1/23,1071.82
2014/1/24,1088.246
2014/1/27,1082.552
2014/1/28,1084.987
2014/1/29,1089.819
2014/1/30,1079.436
2014/2/7,1100.75
2014/2/10,1162.862
2014/2/11,1164.249
2014/2/12,1175.6
2014/2/13,1166.033
2014/2/14,1179.511
2014/2/17,1211.871
2014/2/18,1217.1
2014/2/19,1212.638
2014/2/20,1188.931
2014/2/21,1186.396
2014/2/24,1191.514
2014/2/25,1139.263
2014/2/26,1164.559
2014/2/27,1163.048
2014/2/28,1199.418
2014/3/3,1222.445
2014/3/4,1224.168
2014/3/5,1211.974
2014/3/6,1198.646
2014/3/7,1201.998
2014/3/10,1153.669
2014/3/11,1140.129
2014/3/12,1136.902
2014/3/13,1152.571
2014/3/14,1144.526
2014/3/17,1173.08
2014/3/18,1178.462
2014/3/19,1172.887
2014/3/20,1126.941
2014/3/21,1151.491
2014/3/24,1155.399
2014/3/25,1156.164
2014/3/26,1165.534
2014/3/27,1140.185
2014/3/28,1110.622
2014/3/31,1099.147
2014/4/1,1120.608
2014/4/2,1116.185
2014/4/3,1117.394
2014/4/4,1128.788
2014/4/8,1142.44
2014/4/9,1152.578
2014/4/10,1163.9
2014/4/11,1152.549
2014/4/14,1165.729
2014/4/15,1153.889
2014/4/16,1151.139
2014/4/17,1149.906
2014/4/18,1153.151
2014/4/21,1143.186
2014/4/22,1127.105
2014/4/23,1114.224
2014/4/24,1103.336
2014/4/25,1081.231
2014/4/28,1053.506
2014/4/29,1070.818
2014/4/30,1072.692
2014/5/5,1072.562
2014/5/6,1078.072
2014/5/7,1051.853
2014/5/8,1046.712
2014/5/9,1038.389
2014/5/12,1068.214
2014/5/13,1061.888
2014/5/14,1062.636
2014/5/15,1038.133
2014/5/16,1040.888
2014/5/19,1036.967
2014/5/20,1037.776
2014/5/21,1048.24
2014/5/22,1051.554
2014/5/23,1061.304
2014/5/26,1083.972
2014/5/27,1081.688
2014/5/28,1096.494
2014/5/29,1084.456
2014/5/30,1087.052
2014/6/3,1082.331
2014/6/4,1070.233
2014/6/5,1081.813
2014/6/6,1079.572
2014/6/9,1076.118
2014/6/10,1088.388
2014/6/11,1098.694
2014/6/12,1094.061
2014/6/13,1116.948
2014/6/16,1127.079
2014/6/17,1116.852
2014/6/18,1114.416
2014/6/19,1084.323
2014/6/20,1096.921
2014/6/23,1109.249
2014/6/24,1118.469
2014/6/25,1111.4
2014/6/26,1125.856
2014/6/27,1138.315
2014/6/30,1145.802
2014/7/1,1159.819
2014/7/2,1165.269
2014/7/3,1179.702
2014/7/4,1171.598
2014/7/7,1176.214
2014/7/8,1189.817
2014/7/9,1171.388
2014/7/10,1174.736
2014/7/11,1185.795
2014/7/14,1212.373
2014/7/15,1207.726
2014/7/16,1189.09
2014/7/17,1181.278
2014/7/18,1180.947
2014/7/21,1182.496
2014/7/22,1213.012
2014/7/23,1202.475
2014/7/24,1198.545
2014/7/25,1207.21
2014/7/28,1233.532
2014/7/29,1251.826
2014/7/30,1248.464
2014/7/31,1258.005
2014/8/1,1237.705
2014/8/4,1254.836
2014/8/5,1256.111
2014/8/6,1270.12
2014/8/7,1261.94
2014/8/8,1263.744
2014/8/11,1281.395
2014/8/12,1284.493
2014/8/13,1276.237
2014/8/14,1266.706
2014/8/15,1279.103
2014/8/18,1298.682
2014/8/19,1309.074
2014/8/20,1315.406
2014/8/21,1309.991
2014/8/22,1316.276
2014/8/25,1309.467
2014/8/26,1292.863
2014/8/27,1293.305
2014/8/28,1289.049
2014/8/29,1305.064
2014/9/1,1322.975
2014/9/2,1339.898
2014/9/3,1360.564
2014/9/4,1365.367
2014/9/5,1383.799
2014/9/9,1396.827
2014/9/10,1393.205
2014/9/11,1390.862
2014/9/12,1404.171
2014/9/15,1408.024
2014/9/16,1353.864
2014/9/17,1354.476
2014/9/18,1356.395
2014/9/19,1367.711
2014/9/22,1345.12
2014/9/23,1364.262
2014/9/24,1387.447
2014/9/25,1397.914
2014/9/26,1402.735
2014/9/29,1411.077
2014/9/30,1414.001
2014/10/8,1430.454
2014/10/9,1441.976
2014/10/10,1423.68
2014/10/13,1421.967
2014/10/14,1417.148
2014/10/15,1415.845
2014/10/16,1387.752
2014/10/17,1377.968
2014/10/20,1394.047
2014/10/21,1380.077
2014/10/22,1362.366
2014/10/23,1345.665
2014/10/24,1345.642
2014/10/27,1356.865
2014/10/28,1394.766
2014/10/29,1414.541
2014/10/30,1403.446
2014/10/31,1398.572
2014/11/3,1404.662
2014/11/4,1404.926
2014/11/5,1404.098
2014/11/6,1424.02
2014/11/7,1408.242
2014/11/10,1426.806
2014/11/11,1391.281
2014/11/12,1401.622
2014/11/13,1373.773
2014/11/14,1373.349
2014/11/17,1388.24
2014/11/18,1391.231
2014/11/19,1388.972
2014/11/20,1388.108
2014/11/21,1397.621
2014/11/24,1415.436
2014/11/25,1435.484
2014/11/26,1437.788
2014/11/27,1447.096
2014/11/28,1433.334
2014/12/1,1418.791
2014/12/2,1439.485
2014/12/3,1464.651
2014/12/4,1484.226
2014/12/5,1451.07
2014/12/8,1470.442
2014/12/9,1415.989
2014/12/10,1477.774
2014/12/11,1487.143
2014/12/12,1509.73
2014/12/15,1524.826
2014/12/16,1512.087
2014/12/17,1478.377
2014/12/18,1485.277
2014/12/19,1469.899
2014/12/22,1419.212
2014/12/23,1379.42
2014/12/24,1396.577
2014/12/25,1424.056
2014/12/26,1429.372
2014/12/29,1415.727
2014/12/30,1389.344
2014/12/31,1412.377
2015/1/5,1439.242
2015/1/6,1467.231
2015/1/7,1479.284
2015/1/8,1481.805
2015/1/9,1457.561
2015/1/12,1438.345
2015/1/13,1465.649
2015/1/14,1463.85
2015/1/15,1473.615
2015/1/16,1500.712
2015/1/19,1443.967
2015/1/20,1487.894
2015/1/21,1526.735
2015/1/22,1542.45
2015/1/23,1541.289
2015/1/26,1574.882
2015/1/27,1585.791
2015/1/28,1575.306
2015/1/29,1572.936
2015/1/30,1540.075
2015/2/2,1520.617
2015/2/3,1543.243
2015/2/4,1538.157
2015/2/5,1523.269
2015/2/6,1495.539
2015/2/9,1473.539
2015/2/10,1495.7866
2015/2/11,1507.4561
2015/2/12,1519.9801
2015/2/13,1548.9821
2015/2/16,1592.0282
2015/2/17,1603.244
2015/2/25,1599.3985
2015/2/26,1614.4138
2015/2/27,1629.6005
2015/3/2,1670.5861
2015/3/3,1666.4411
2015/3/4,1682.3092
2015/3/5,1684.1181
2015/3/6,1656.5977
2015/3/9,1665.1938
2015/3/10,1684.5637
2015/3/11,1687.8106
2015/3/12,1682.0505
2015/3/13,1689.3946
2015/3/16,1733.4388
2015/3/17,1758.6375
2015/3/18,1792.8779
2015/3/19,1808.4958
2015/3/20,1819.8413
2015/3/23,1857.234
2015/3/24,1862.885
2015/3/25,1882.5211
2015/3/26,1874.5665
2015/3/27,1901.5574
2015/3/30,1935.4555
2015/3/31,1933.3217
2015/4/1,2014.8006
2015/4/2,2058.0581
2015/4/3,2082.1143
2015/4/7,2101.3864
2015/4/8,2085.2614
2015/4/9,2047.8049
2015/4/10,2092.8843
2015/4/13,2133.4907
2015/4/14,2145.3336
2015/4/15,2071.4452
2015/4/16,2130.5568
2015/4/17,2160.3703
2015/4/20,2150.096
2015/4/21,2210.9896
2015/4/22,2280.4088
2015/4/23,2334.0979
2015/4/24,2329.2412
2015/4/27,2360.4154
2015/4/28,2276.0537
2015/4/29,2313.0897
2015/4/30,2330.4691
2015/5/4,2363.6933
2015/5/5,2266.8128
2015/5/6,2231.4261
2015/5/7,2179.008
2015/5/8,2245.1629
2015/5/11,2363.045
2015/5/12,2440.3304
2015/5/13,2437.5749
2015/5/14,2477.4867
2015/5/15,2449.6395
2015/5/18,2478.7635
2015/5/19,2542.5182
2015/5/20,2586.1961
2015/5/21,2674.9479
2015/5/22,2717.3993
2015/5/25,2813.4335
2015/5/26,2917.4959
2015/5/27,2958.0927
2015/5/28,2765.205
2015/5/29,2797.6323
2015/6/1,2936.7591
2015/6/2,3014.4888
2015/6/3,3005.2803
2015/6/4,3027.7087
2015/6/5,3072.1039
2015/6/8,3018.7945
2015/6/9,3063.6202
2015/6/10,3051.8286
2015/6/11,3069.3569
2015/6/12,3097.9366
2015/6/15,3056.4402
2015/6/16,2930.6689
2015/6/17,2956.9778
2015/6/18,2826.5674
2015/6/19,2598.9232
2015/6/23,2616.9198
2015/6/24,2673.2369
2015/6/25,2541.0748
2015/6/26,2308.4632
2015/6/29,2132.3925
2015/6/30,2267.7553
2015/7/1,2150.3508
2015/7/2,1998.2002
2015/7/3,1875.5435
2015/7/6,1864.3372
2015/7/7,1749.7299
2015/7/8,1669.5715
2015/7/9,1744.5658
2015/7/10,1833.013
2015/7/13,1941.317
2015/7/14,1986.72
2015/7/15,1870.558
2015/7/16,1919.002
2015/7/17,2020.703
2015/7/20,2062.9
2015/7/21,2091.865
2015/7/22,2117.136
2015/7/23,2179.694
2015/7/24,2151.035
2015/7/27,1982.121
2015/7/28,1912.243
2015/7/29,2029.744
2015/7/30,1977.636
2015/7/31,1964.805
2015/8/3,1894.997
2015/8/4,2015.805
2015/8/5,2001.612
2015/8/6,2053.191
2015/8/7,2119.333
2015/8/10,2222.706
2015/8/11,2222.053
2015/8/12,2173.376
2015/8/13,2237.596
2015/8/14,2230.076
2015/8/17,2263.761
2015/8/18,2079.262
2015/8/19,2125.667
2015/8/20,2033.799
2015/8/21,1925.32
2015/8/24,1758.247
2015/8/25,1608.067
2015/8/26,1535.407
2015/8/27,1605.349
2015/8/28,1713.885
2015/8/31,1681.966
2015/9/1,1591.682
2015/9/2,1555.773
2015/9/7,1565.074
2015/9/8,1641.64
2015/9/9,1712.43
2015/9/10,1685.821
2015/9/11,1689.783
2015/9/14,1575.556
2015/9/15,1471.193
2015/9/16,1585.859
2015/9/17,1563.097
2015/9/18,1593.873
2015/9/21,1669.066
2015/9/22,1673.452
2015/9/23,1675.868
2015/9/24,1694.078
2015/9/25,1639.61
2015/9/28,1671.015
2015/9/29,1642.562
2015/9/30,1649.169
2015/10/8,1724.564
2015/10/9,1757.429
2015/10/12,1817.877
2015/10/13,1865.885
2015/10/14,1853.06
2015/10/15,1902.992
2015/10/16,1927.381
2015/10/19,1948.1
2015/10/20,1962.74
2015/10/21,1832.141
2015/10/22,1895.772
2015/10/23,1944.328
2015/10/26,1987.127
2015/10/27,1990.562
2015/10/28,1955.647
2015/10/29,1964.374
2015/10/30,1955.39
2015/11/2,1897.667
2015/11/3,1894.032
2015/11/4,1991.81
2015/11/5,1992.462
2015/11/6,2033.818
2015/11/9,2064.335
2015/11/10,2082.357
2015/11/11,2117.059
2015/11/12,2154.982
2015/11/13,2149.245
2015/11/16,2178.359
2015/11/17,2139.757
2015/11/18,2081.376
2015/11/19,2148.383
2015/11/20,2160.154
2015/11/23,2121.618
2015/11/24,2137.828
2015/11/25,2175.526
2015/11/26,2150.811
2015/11/27,2011.969
2015/11/30,2050.24
2015/12/1,2038.558
2015/12/2,2030.678
2015/12/3,2077.353
2015/12/4,2054.078
2015/12/7,2087.901
2015/12/8,2040.059
2015/12/9,2066.637
2015/12/10,2051.174
2015/12/11,2021.178
2015/12/14,2062.064
2015/12/15,2081.635
2015/12/16,2089.726
2015/12/17,2151.004
2015/12/18,2139.606
2015/12/21,2152.855
2015/12/22,2176.63
2015/12/23,2152.813
2015/12/24,2142.381
2015/12/25,2152.061
2015/12/28,2101.681
2015/12/29,2127.056
2015/12/30,2147.968
2015/12/31,2124.737
2016/1/4,1933.641
2016/1/5,1908.938
2016/1/6,1952.187
2016/1/7,1771.737
2016/1/8,1797.777
2016/1/11,1661.922
2016/1/12,1680.673
2016/1/13,1617.431
2016/1/14,1683.228
2016/1/15,1624.824
2016/1/18,1650.318
2016/1/19,1719.762
2016/1/20,1708.563
2016/1/21,1618.931
2016/1/22,1642.231
2016/1/25,1657.022
2016/1/26,1514.832
2016/1/27,1487.809
2016/1/28,1410.623
2016/1/29,1478.835
2016/2/1,1463.188
2016/2/2,1520.057
2016/2/3,1531.938
2016/2/4,1565.311
2016/2/5,1537.728
2016/2/15,1534.301
2016/2/16,1598.411
2016/2/17,1622.203
2016/2/18,1616.982
2016/2/19,1626.245
2016/2/22,1662.953
2016/2/23,1648.047
2016/2/24,1663.217
2016/2/25,1525.309
2016/2/26,1532.716
2016/2/29,1444.522
2016/3/1,1477.916
2016/3/2,1555.574
2016/3/3,1561.546
2016/3/4,1514.301
2016/3/7,1544.342
2016/3/8,1552.016
2016/3/9,1510.024
2016/3/10,1481.961
2016/3/11,1478.278
2016/3/14,1534.673
2016/3/15,1535.615
2016/3/16,1517.466
2016/3/17,1581.156
2016/3/18,1642.828
2016/3/21,1679.25
2016/3/22,1681.943
2016/3/23,1693.208
2016/3/24,1677.485
2016/3/25,1687.222
2016/3/28,1687.893
2016/3/29,1655.334
2016/3/30,1724.998
2016/3/31,1724.695
2016/4/1,1717.959
2016/4/5,1772.52
2016/4/6,1785.835
2016/4/7,1766.772
2016/4/8,1749.213
2016/4/11,1779.036
2016/4/12,1757.461
2016/4/13,1777.602
2016/4/14,1789.411
2016/4/15,1780.646
2016/4/18,1759.468
2016/4/19,1766.691
2016/4/20,1684.482
2016/4/21,1657.834
2016/4/22,1681.355
2016/4/25,1670.099
2016/4/26,1700.003
2016/4/27,1700.939
2016/4/28,1695.911
2016/4/29,1695.114
2016/5/3,1747.436
2016/5/4,1743.52
2016/5/5,1758.754
2016/5/6,1681.581
2016/5/9,1623.696
2016/5/10,1612.272
2016/5/11,1598.49
2016/5/12,1623.091
2016/5/13,1628.945
2016/5/16,1671.353
2016/5/17,1656.408
2016/5/18,1604.624
2016/5/19,1624.179
2016/5/20,1633.466
2016/5/23,1663.156
2016/5/24,1650.144
2016/5/25,1634.881
2016/5/26,1639.5
2016/5/27,1624.444
2016/5/30,1614.288
2016/5/31,1684.174
2016/6/1,1704.342
2016/6/2,1715.75
2016/6/3,1721.479
2016/6/6,1735.664
2016/6/7,1741.251
2016/6/8,1748.941
2016/6/13,1665.465
2016/6/14,1673.777
2016/6/15,1752.447
2016/6/16,1772.492
2016/6/17,1763.1
2016/6/20,1770.162
2016/6/21,1746.937
2016/6/22,1774.432
2016/6/23,1756.408
2016/6/24,1731.73
2016/6/27,1770.626
2016/6/28,1772.365
2016/6/29,1784.214
2016/6/30,1776.251
2016/7/1,1767.044
2016/7/4,1796.107
2016/7/5,1816.249
2016/7/6,1814.213
2016/7/7,1830.685
2016/7/8,1817.889
2016/7/11,1812.598
2016/7/12,1822.716
2016/7/13,1838.47
2016/7/14,1845.198
2016/7/15,1856.617
2016/7/18,1844.565
2016/7/19,1850.185
2016/7/20,1840.836
2016/7/21,1846.076
2016/7/22,1831.533
2016/7/25,1823.546
2016/7/26,1840.61
2016/7/27,1763.941
2016/7/28,1765.303
2016/7/29,1746.816
2016/8/1,1715.869
2016/8/2,1735.905
2016/8/3,1737.67
2016/8/4,1752.696
2016/8/5,1740.492
2016/8/8,1759.473
2016/8/9,1775.408
2016/8/10,1771.622
2016/8/11,1743.449
2016/8/12,1760.013
2016/8/15,1798.245
2016/8/16,1812.685
2016/8/17,1817.457
2016/8/18,1819.347
2016/8/19,1831.415
2016/8/22,1805.815
2016/8/23,1803.846
2016/8/24,1804.795
2016/8/25,1787.139
2016/8/26,1791.112
2016/8/29,1793.254
2016/8/30,1794.172
2016/8/31,1797.163
2016/9/1,1788.308
2016/9/2,1782.195
2016/9/5,1784.014
2016/9/6,1823.048
2016/9/7,1815.31
2016/9/8,1820.194
2016/9/9,1805.9
2016/9/12,1752.288
2016/9/13,1760.248
2016/9/14,1751.759
2016/9/19,1767.772
2016/9/20,1759.665
2016/9/21,1759.714
2016/9/22,1766.343
2016/9/23,1751.88
2016/9/26,1709.74
2016/9/27,1718.48
2016/9/28,1716.206
2016/9/29,1712.669
2016/9/30,1719.518
2016/10/10,1754.227
2016/10/11,1760.842
2016/10/12,1762.044
2016/10/13,1761.653
2016/10/14,1760.932
2016/10/17,1753.525
2016/10/18,1788.268
2016/10/19,1782.098
2016/10/20,1783.753
2016/10/21,1774.778
2016/10/24,1786.693
2016/10/25,1787.047
2016/10/26,1776.009
2016/10/27,1776.154
2016/10/28,1761.468
2016/10/31,1755.939
2016/11/1,1769.164
2016/11/2,1755.237
2016/11/3,1764.481
2016/11/4,1756.968
2016/11/7,1759.211
2016/11/8,1765.26
2016/11/9,1746.353
2016/11/10,1762.653
2016/11/11,1774.92
2016/11/14,1777.441
2016/11/15,1783.452
2016/11/16,1787.898
2016/11/17,1789.861
2016/11/18,1781.111
2016/11/21,1785.28
2016/11/22,1795.413
2016/11/23,1789.072
2016/11/24,1781.627
2016/11/25,1788.982
2016/11/28,1792.28
2016/11/29,1794.771
2016/11/30,1793.472
2016/12/1,1803.626
2016/12/2,1783.575
2016/12/5,1774.696
2016/12/6,1781.715
2016/12/7,1797.631
2016/12/8,1791.951
2016/12/9,1785.457
2016/12/12,1714.483
2016/12/13,1716.558
2016/12/14,1700.306
2016/12/15,1714.081
2016/12/16,1726.99
2016/12/19,1723.8178
2016/12/20,1721.8544
2016/12/21,1729.6167
2016/12/22,1738.1062
2016/12/23,1717.17
2016/12/26,1718.0877
2016/12/27,1713.3227
2016/12/28,1712.8947
2016/12/29,1701.0088
2016/12/30,1705.7706
2017/1/3,1717.1635
2017/1/4,1748.0365
2017/1/5,1743.001
2017/1/6,1729.6809
2017/1/9,1745.9972
2017/1/10,1738.1051
2017/1/11,1727.4008
2017/1/12,1714.9527
2017/1/13,1696.6813
2017/1/16,1656.8413
2017/1/17,1664.4408
2017/1/18,1655.9007
2017/1/19,1650.8
2017/1/20,1666.6171
2017/1/23,1678.1808
2017/1/24,1671.725
2017/1/25,1681.885
2017/1/26,1690.45
2017/2/3,1686.8512
2017/2/6,1698.0223
2017/2/7,1693.3067
2017/2/8,1701.7985
2017/2/9,1712.9517
2017/2/10,1714.981
2017/2/13,1725.5742
2017/2/14,1728.6296
2017/2/15,1711.6101
2017/2/16,1724.218
2017/2/17,1715.4823
2017/2/20,1735.2714
2017/2/21,1750.2164
2017/2/22,1754.5405
2017/2/23,1763.8496
2017/2/24,1765.7264
2017/2/27,1752.5013
2017/2/28,1763.3443
2017/3/1,1768.2264
2017/3/2,1768.3548
2017/3/3,1788.3394
2017/3/6,1803.3407
2017/3/7,1802.3187
2017/3/8,1795.1666
2017/3/9,1783.992
2017/3/10,1794.0049
2017/3/13,1812.5641
2017/3/14,1805.1843
2017/3/15,1804.2295
2017/3/16,1823.6815
2017/3/17,1807.9764
2017/3/20,1815.961
2017/3/21,1815.5508
2017/3/22,1817.8583
2017/3/23,1820.4767
2017/3/24,1820.9411
2017/3/27,1819.6746
2017/3/28,1815.0033
2017/3/29,1810.5672
2017/3/30,1779.0317
2017/3/31,1792.4812
2017/4/5,1839.3406
2017/4/6,1843.9206
2017/4/7,1840.994
2017/4/10,1825.2592
2017/4/11,1837.0481
2017/4/12,1822.2388
2017/4/13,1836.5541
2017/4/14,1806.7126
2017/4/17,1795.4012
2017/4/18,1780.059
2017/4/19,1762.0205
2017/4/20,1754.8431
2017/4/21,1744.1403
2017/4/24,1692.4267
2017/4/25,1693.8307
2017/4/26,1698.7181
2017/4/27,1710.6778
2017/4/28,1711.1149
2017/5/2,1709.7885
2017/5/3,1705.355
2017/5/4,1696.6786
2017/5/5,1679.238
2017/5/8,1651.3945
2017/5/9,1649.9326
2017/5/10,1607.2152
2017/5/11,1602.3255
2017/5/12,1599.4116
2017/5/15,1602.7333
2017/5/16,1636.8111
2017/5/17,1638.1028
2017/5/18,1618.9262
2017/5/19,1614.5288
2017/5/22,1590.693
2017/5/23,1564.742
2017/5/24,1573.3309
2017/5/25,1583.7555
2017/5/26,1583.9398
2017/5/31,1584.5897
2017/6/1,1559.4878
2017/6/2,1570.7775
2017/6/5,1582.0041
2017/6/6,1583.6037
2017/6/7,1611.5264
2017/6/8,1611.3273
2017/6/9,1626.1966
2017/6/12,1608.795
2017/6/13,1639.6886
2017/6/14,1638.4234
2017/6/15,1647.6272
2017/6/16,1648.8089
2017/6/19,1653.4815
2017/6/20,1668.2747
2017/6/21,1673.9978
2017/6/22,1651.2006
2017/6/23,1659.594
2017/6/26,1690.3117
2017/6/27,1686.3533
2017/6/28,1678.3867
2017/6/29,1677.7341
2017/6/30,1687.9838
2017/7/3,1696.8386
2017/7/4,1700.4118
2017/7/5,1716.8836
2017/7/6,1733.9262
2017/7/7,1745.0933
2017/7/10,1733.2133
2017/7/11,1710.1175
2017/7/12,1721.4679
2017/7/13,1714.9857
2017/7/14,1726.3992
2017/7/17,1668.6429
2017/7/18,1681.1052
2017/7/19,1713.2071
2017/7/20,1736.544
2017/7/21,1749.7942
2017/7/24,1743.9753
2017/7/25,1739.5949
2017/7/26,1741.2029
2017/7/27,1742.2961
2017/7/28,1768.2231
2017/7/31,1788.954
2017/8/1,1793.9838
2017/8/2,1793.6601
2017/8/3,1791.3067
2017/8/4,1760.4125
2017/8/7,1779.1128
2017/8/8,1768.7801
2017/8/9,1773.0515
2017/8/10,1759.3539
2017/8/11,1730.7732
2017/8/14,1776.0436
2017/8/15,1786.9263
2017/8/16,1779.8098
2017/8/17,1794.3793
2017/8/18,1783.8441
2017/8/21,1796.5163
2017/8/22,1799.6909
2017/8/23,1786.5707
2017/8/24,1771.881
2017/8/25,1791.0935
2017/8/28,1814.0224
2017/8/29,1810.8018
2017/8/30,1811.985
2017/8/31,1829.6622
2017/9/1,1839.7327
2017/9/4,1850.0824
2017/9/5,1878.3217
2017/9/6,1902.979
2017/9/7,1893.7613
2017/9/8,1902.7299
2017/9/11,1973.5294
2017/9/12,1963.8902
2017/9/13,1984.9929
2017/9/14,1965.1306
2017/9/15,1956.7885
2017/9/18,1979.839
2017/9/19,1966.2142
2017/9/20,1987.0637
2017/9/21,1956.9802
2017/9/22,1945.3319
2017/9/25,1919.7472
2017/9/26,1935.1169
2017/9/27,1969.2613
2017/9/28,1968.3799
2017/9/29,1964.764
2017/10/9,1983.3491
2017/10/10,1961.5824
2017/10/11,1953.5345
2017/10/12,1940.2149
2017/10/13,1952.7983
2017/10/16,1933.4991
2017/10/17,1930.6611
2017/10/18,1922.8234
2017/10/19,1909.7896
2017/10/20,1940.6975
2017/10/23,1938.3646
2017/10/24,1940.4172
2017/10/25,1943.297
2017/10/26,1952.5441
2017/10/27,1947.5467
2017/10/30,1915.3981
2017/10/31,1937.8941
2017/11/1,1939.5937
2017/11/2,1926.9357
2017/11/3,1920.6651
2017/11/6,1947.0315
2017/11/7,1960.6189
2017/11/8,1985.4496
2017/11/9,2003.0304
2017/11/10,2042.6645
2017/11/13,2051.9946
2017/11/14,2005.1026
2017/11/15,1950.9749
2017/11/16,1954.9527
2017/11/17,1898.9419
2017/11/20,1939.5936
2017/11/21,1948.1717
2017/11/22,1947.5738
2017/11/23,1879.6461
2017/11/24,1881.8369
2017/11/27,1831.7935
2017/11/28,1860.7976
2017/11/29,1855.5145
2017/11/30,1829.436
2017/12/1,1849.5376
2017/12/4,1841.7681
2017/12/5,1796.5098
2017/12/6,1812.856
2017/12/7,1795.2401
2017/12/8,1812.4956
2017/12/11,1853.0507
2017/12/12,1842.0418
2017/12/13,1861.3408
2017/12/14,1856.1213
2017/12/15,1833.8158
2017/12/18,1815.8131
2017/12/19,1824.2488
2017/12/20,1814.6962
2017/12/21,1834.9458
2017/12/22,1853.6655
2017/12/25,1831.2243
2017/12/26,1837.9166
2017/12/27,1831.3188
2017/12/28,1830.6434
2017/12/29,1844.8274
2018/1/2,1861.2803
2018/1/3,1888.6382
2018/1/4,1887.5078
2018/1/5,1872.355
2018/1/8,1868.957
2018/1/9,1863.1409
2018/1/10,1844.7831
2018/1/11,1844.9948
2018/1/12,1838.9986
2018/1/15,1769.4576
2018/1/16,1764.6909
2018/1/17,1752.4228
2018/1/18,1762.6241
2018/1/19,1767.8354
2018/1/22,1792.9995
2018/1/23,1803.6503
2018/1/24,1816.0515
2018/1/25,1812.8975
2018/1/26,1804.336
2018/1/29,1772.7209
2018/1/30,1784.3005
2018/1/31,1753.5036
2018/2/1,1699.3426
2018/2/2,1703.7343
2018/2/5,1672.1682
2018/2/6,1599.4504
2018/2/7,1600.3471
2018/2/8,1621.6671
2018/2/9,1576.064
2018/2/12,1642.3267
2018/2/13,1649.5672
2018/2/14,1667.0097
2018/2/22,1696.8736
2018/2/23,1699.098
2018/2/26,1740.0571
2018/2/27,1740.5608
2018/2/28,1752.453
2018/3/1,1776.1169
2018/3/2,1761.5786
2018/3/5,1772.3148
2018/3/6,1789.4592
2018/3/7,1777.009
2018/3/8,1774.4301
2018/3/9,1807.4541
2018/3/12,1850.1058
2018/3/13,1835.7061
2018/3/14,1822.551
2018/3/15,1831.5835
2018/3/16,1813.8658
2018/3/19,1813.927
2018/3/20,1814.0483
2018/3/21,1803.8125
2018/3/22,1797.0493
2018/3/23,1713.404
2018/3/26,1741.3686
2018/3/27,1784.3914
2018/3/28,1752.9912
2018/3/29,1748.3821
2018/3/30,1768.9008
2018/4/2,1761.1251
2018/4/3,1733.3424
2018/4/4,1716.5819
2018/4/9,1713.7296
2018/4/10,1724.2875
2018/4/11,1733.8421
2018/4/12,1713.3509
2018/4/13,1710.3841
2018/4/16,1695.335
2018/4/17,1655.6812
2018/4/18,1682.3937
2018/4/19,1703.1121
2018/4/20,1669.9317
2018/4/23,1661.2432
2018/4/24,1697.1932
2018/4/25,1684.7968
2018/4/26,1647.1997
2018/4/27,1650.8023
2018/5/2,1647.2687
2018/5/3,1664.1324
2018/5/4,1659.6932
2018/5/7,1704.831
2018/5/8,1713.8135
2018/5/9,1713.2651
2018/5/10,1717.3853
2018/5/11,1723.2228
2018/5/14,1729.9155
2018/5/15,1740.3034
2018/5/16,1731.9908
2018/5/17,1711.9518
2018/5/18,1714.2013
2018/5/21,1733.8299
2018/5/22,1730.9395
2018/5/23,1709.2798
2018/5/24,1697.2513
2018/5/25,1674.0199
2018/5/28,1662.7534
2018/5/29,1650.3682
2018/5/30,1601.8417
2018/5/31,1613.868
2018/6/1,1590.6319
2018/6/4,1546.3491
2018/6/5,1565.089
2018/6/6,1561.2262
2018/6/7,1559.0237
2018/6/8,1542.0534
2018/6/11,1530.8344
2018/6/12,1536.5531
2018/6/13,1514.0115
2018/6/14,1506.1282
2018/6/15,1483.3428
2018/6/19,1399.9928
2018/6/20,1408.6484
2018/6/21,1375.6782
2018/6/22,1404.3841
2018/6/25,1399.7189
2018/6/26,1405.6512
2018/6/27,1396.4727
2018/6/28,1384.3852
2018/6/29,1414.759
2018/7/2,1384.9056
2018/7/3,1390.4903
2018/7/4,1366.6201
2018/7/5,1338.9482
2018/7/6,1348.3778
2018/7/9,1373.6307
2018/7/10,1379.0762
2018/7/11,1361.1453
2018/7/12,1392.7106
2018/7/13,1392.8734
2018/7/16,1385.1018
2018/7/17,1393.5187
2018/7/18,1385.4131
2018/7/19,1368.3292
2018/7/20,1387.0156
2018/7/23,1403.5132
2018/7/24,1429.5974
2018/7/25,1418.2642
2018/7/26,1407.1215
2018/7/27,1401.6987
2018/7/30,1392.8933
2018/7/31,1379.9056
2018/8/1,1359.5111
2018/8/2,1320.1926
2018/8/3,1301.6323
2018/8/6,1262.3377
2018/8/7,1287.7778
2018/8/8,1279.3818
2018/8/9,1304.9265
2018/8/10,1309.9423
2018/8/13,1313.054
2018/8/14,1310.6012
2018/8/15,1279.714
2018/8/16,1265.4016
2018/8/17,1246.0502
2018/8/20,1262.7232
2018/8/21,1273.2828
2018/8/22,1262.145
2018/8/23,1270.4893
2018/8/24,1262.7935
2018/8/27,1288.0645
2018/8/28,1297.7451
2018/8/29,1287.0415
2018/8/30,1270.8338
2018/8/31,1262.557
2018/9/3,1266.8876
2018/9/4,1275.5076
2018/9/5,1256.8633
2018/9/6,1249.5467
2018/9/7,1252.4073
2018/9/10,1233.53
2018/9/11,1237.248
2018/9/12,1242.675
2018/9/13,1250.8771
2018/9/14,1252.4023
2018/9/17,1238.1314
2018/9/18,1258.6691
2018/9/19,1270.6065
2018/9/20,1268.5229
2018/9/21,1292.6766
2018/9/25,1289.6985
2018/9/26,1302.241
2018/9/27,1284.2902
2018/9/28,1299.2593
2018/10/8,1255.1469
2018/10/9,1250.3318
2018/10/10,1236.7046
2018/10/11,1149.7391
2018/10/12,1146.4308
2018/10/15,1130.0061
2018/10/16,1105.5005
2018/10/17,1117.8136
2018/10/18,1089.9939
2018/10/19,1120.8769
2018/10/22,1175.1035
2018/10/23,1150.3775
2018/10/24,1154.5474
2018/10/25,1149.4439
2018/10/26,1149.5877
2018/10/29,1131.2907
2018/10/30,1137.3779
2018/10/31,1160.6986
2018/11/1,1168.6081
2018/11/2,1216.8022
2018/11/5,1236.6514
2018/11/6,1232.1683
2018/11/7,1224.3318
2018/11/8,1215.4532
2018/11/9,1213.8231
2018/11/12,1252.0676
2018/11/13,1263.9416
2018/11/14,1259.3797
2018/11/15,1274.6699
2018/11/16,1282.6633
2018/11/19,1288.6627
2018/11/20,1256.054
2018/11/21,1264.4523
2018/11/22,1261.0089
2018/11/23,1214.1204
2018/11/26,1216.5412
2018/11/27,1232.9712
2018/11/28,1262.12
2018/11/29,1245.0183
2018/11/30,1264.6324
2018/12/3,1292.2865
2018/12/4,1292.622
2018/12/5,1300.4204
2018/12/6,1284.1979
2018/12/7,1288.9902
2018/12/10,1273.7353
2018/12/11,1283.3031
2018/12/12,1292.2877
2018/12/13,1304.169
2018/12/14,1276.605
2018/12/17,1266.5813
2018/12/18,1265.9326
2018/12/19,1241.5083
2018/12/20,1245.9786
2018/12/21,1232.9411
2018/12/24,1242.7397
2018/12/25,1226.341
2018/12/26,1220.5545
2018/12/27,1207.9002
2018/12/28,1209.125
2019/1/2,1197.8373
2019/1/3,1188.0095
2019/1/4,1219.3744
2019/1/7,1250.8447
2019/1/8,1254.9614
2019/1/9,1245.8905
2019/1/10,1258.7713
2019/1/11,1259.5005
2019/1/14,1254.3166
2019/1/15,1276.1396
2019/1/16,1268.3064
2019/1/17,1255.1861
2019/1/18,1270.9648
2019/1/21,1278.569
2019/1/22,1262.7922
2019/1/23,1273.3694
2019/1/24,1284.0747
2019/1/25,1291.2348
2019/1/28,1294.9046
2019/1/29,1280.6267
2019/1/30,1274.6762
2019/1/31,1259.8445
2019/2/1,1300.4089
2019/2/11,1332.7418
2019/2/12,1337.413
2019/2/13,1357.5382
2019/2/14,1377.7136
2019/2/15,1362.8868
2019/2/18,1409.6082
2019/2/19,1398.803
2019/2/20,1409.0144
2019/2/21,1402.1295
2019/2/22,1434.0116
2019/2/25,1507.3057
2019/2/26,1496.174
2019/2/27,1460.8831
2019/2/28,1463.4854
2019/3/1,1478.8048
2019/3/4,1497.7307
2019/3/5,1527.1403
2019/3/6,1544.2335
2019/3/7,1543.7619
2019/3/8,1480.46
2019/3/11,1574.7067
2019/3/12,1602.9334
2019/3/13,1583.3654
2019/3/14,1546.4482
2019/3/15,1566.267
2019/3/18,1583.3981
2019/3/19,1588.421
2019/3/20,1576.1944
2019/3/21,1588.7116
2019/3/22,1582.5515
2019/3/25,1563.4185
2019/3/26,1524.8526
2019/3/27,1520.4603
2019/3/28,1503.3843
2019/3/29,1539.0013
2019/4/1,1600.9989
2019/4/2,1605.3212
2019/4/3,1604.155
2019/4/4,1611.872
2019/4/8,1593.7888
2019/4/9,1598.7619
2019/4/10,1597.1268
2019/4/11,1579.8166
2019/4/12,1577.3795
2019/4/15,1564.3211
2019/4/16,1591.9257
2019/4/17,1640.2283
2019/4/18,1620.2755
2019/4/19,1631.1987
2019/4/22,1608.1564
2019/4/23,1568.963
2019/4/24,1586.4725
2019/4/25,1529.1673
2019/4/26,1498.0988
2019/4/29,1462.9501
2019/4/30,1467.7685
2019/5/6,1370.1588
2019/5/7,1385.8876
2019/5/8,1367.7783
2019/5/9,1358.9585
2019/5/10,1401.6753
2019/5/13,1376.1758
2019/5/14,1369.9148
2019/5/15,1412.2212
2019/5/16,1426.0649
2019/5/17,1373.4547
2019/5/20,1362.5188
2019/5/21,1383.3539
2019/5/22,1373.3687
2019/5/23,1348.6626
2019/5/24,1343.9208
2019/5/27,1377.7721
2019/5/28,1381.8022
2019/5/29,1376.4366
2019/5/30,1368.5944
2019/5/31,1376.399
2019/6/3,1352.7721
2019/6/4,1341.5205
2019/6/5,1341.5569
2019/6/6,1315.0624
2019/6/10,1338.209
2019/6/11,1375.8575
2019/6/12,1362.8694
2019/6/13,1366.3083
2019/6/14,1342.5124
2019/6/17,1333.9916
2019/6/18,1332.6563
2019/6/19,1349.81
2019/6/20,1374.2407
2019/6/21,1391.7193
2019/6/24,1394.705
2019/6/25,1376.99
2019/6/26,1380.2423
2019/6/27,1390.514
2019/6/28,1376.6359
2019/7/1,1413.3956
2019/7/2,1413.6037
2019/7/3,1406.2062
2019/7/4,1399.9334
2019/7/5,1402.4547
2019/7/8,1359.1642
2019/7/9,1366.4406
2019/7/10,1364.4744
2019/7/11,1353.6315
2019/7/12,1372.181
2019/7/15,1382.8917
2019/7/16,1379.7112
2019/7/17,1379.7058
2019/7/18,1366.3461
2019/7/19,1376.468
2019/7/22,1355.8937
2019/7/23,1376.7722
2019/7/24,1390.0551
2019/7/25,1392.5269
2019/7/26,1396.8696
2019/7/29,1396.6159
2019/7/30,1400.8306
2019/7/31,1395.6741
2019/8/1,1393.2382
2019/8/2,1378.9304
2019/8/5,1355.2398
2019/8/6,1327.1641
2019/8/7,1325.9149
2019/8/8,1328.1566
2019/8/9,1313.6695
2019/8/12,1331.1062
2019/8/13,1321.077
2019/8/14,1327.2796
2019/8/15,1332.5766
2019/8/16,1329.4493
2019/8/19,1367.4972
2019/8/20,1361.522
2019/8/21,1381.793
2019/8/22,1381.5611
2019/8/23,1375.1222
2019/8/26,1357.9318
2019/8/27,1377.4139
2019/8/28,1381.5096
2019/8/29,1374.9052
2019/8/30,1364.2106
2019/9/2,1400.9627
2019/9/3,1408.2091
2019/9/4,1419.2733
2019/9/5,1426.4864
2019/9/6,1425.3047
2019/9/9,1455.4874
2019/9/10,1452.4447
2019/9/11,1444.2544
2019/9/12,1449.9219
2019/9/16,1448.8441
2019/9/17,1413.3145
2019/9/18,1408.781
2019/9/19,1426.4432
2019/9/20,1431.4437
2019/9/23,1414.2848
2019/9/24,1430.1794
2019/9/25,1410.0763
2019/9/26,1379.2091
2019/9/27,1387.3187
2019/9/30,1375.3751
2019/10/8,1376.6454
2019/10/9,1387.4131
2019/10/10,1402.8388
2019/10/11,1392.1081
2019/10/14,1409.211
2019/10/15,1386.7626
2019/10/16,1367.6958
2019/10/17,1361.7646
2019/10/18,1340.8912
2019/10/21,1336.2185
2019/10/22,1345.8794
2019/10/23,1337.5116
2019/10/24,1336.708
2019/10/25,1345.9879
2019/10/28,1367.875
2019/10/29,1353.3579
2019/10/30,1339.3916
2019/10/31,1333.6609
2019/11/1,1344.5392
2019/11/4,1349.5632
2019/11/5,1367.8082
2019/11/6,1370.5864
2019/11/7,1369.1222
2019/11/8,1367.1915
2019/11/11,1339.9441
2019/11/12,1334.9692
2019/11/13,1331.2885
2019/11/14,1336.6002
2019/11/15,1319.9585
2019/11/18,1330.2437
2019/11/19,1360.6077
2019/11/20,1349.7453
2019/11/21,1353.3553
2019/11/22,1357.2775
2019/11/25,1359.9579
2019/11/26,1373.7399
2019/11/27,1369.7549
2019/11/28,1367.2899
2019/11/29,1372.3907
2019/12/2,1372.7439
2019/12/3,1380.1976
2019/12/4,1378.7821
2019/12/5,1393.541
2019/12/6,1404.4727
2019/12/9,1402.3474
2019/12/10,1401.6321
2019/12/11,1389.7964
2019/12/12,1387.0672
2019/12/13,1410.3139
2019/12/16,1432.1662
2019/12/17,1458.8787
2019/12/18,1447.4759
2019/12/19,1449.4852
2019/12/20,1440.2858
2019/12/23,1422.3109
2019/12/24,1464.2196
2019/12/25,1483.0048
2019/12/26,1490.5949
2019/12/27,1481.9057
2019/12/30,1506.3486
2019/12/31,1503.1484
2020/1/2,1536.2245
2020/1/3,1540.5728
2020/1/6,1575.605
2020/1/7,1583.1258
2020/1/8,1578.0934
2020/1/9,1601.0623
2020/1/10,1588.5313
2020/1/13,1621.1646
2020/1/14,1628.9989
2020/1/15,1613.3438
2020/1/16,1609.8978
2020/1/17,1603.5537
2020/1/20,1642.1908
2020/1/21,1617.5463
2020/1/22,1668.6386
2020/1/23,1625.8315
2020/2/3,1503.274
2020/2/4,1571.9604
2020/2/5,1623.4711
2020/2/6,1661.5119
2020/2/7,1650.142
2020/2/10,1699.684
2020/2/11,1679.1635
2020/2/12,1739.4268
2020/2/13,1728.7174
2020/2/14,1708.7029
2020/2/17,1763.23
2020/2/18,1791.4887
2020/2/19,1771.2831
2020/2/20,1820.1898
2020/2/21,1829.9783
2020/2/24,1821.3082
2020/2/25,1857.6679
2020/2/26,1787.0468
2020/2/27,1777.7945
2020/2/28,1663.0775
2020/3/2,1714.7525
2020/3/3,1734.8234
2020/3/4,1723.8975
2020/3/5,1754.2608
2020/3/6,1747.8236
2020/3/9,1656.1044
2020/3/10,1705.4168
2020/3/11,1684.1945
2020/3/12,1640.1574
2020/3/13,1634.6742
2020/3/16,1527.7404
2020/3/17,1526.3592
2020/3/18,1500.69
2020/3/19,1496.2362
2020/3/20,1495.4071
2020/3/23,1402.8661
2020/3/24,1427.9052
2020/3/25,1484.5114
2020/3/26,1451.9241
2020/3/27,1452.0407
2020/3/30,1437.1416
2020/3/31,1439.9815
2020/4/1,1448.2228
2020/4/2,1488.1718
2020/4/3,1461.1272
2020/4/7,1507.6587
2020/4/8,1497.409
2020/4/9,1495.1985
2020/4/10,1462.8415
2020/4/13,1436.7117
2020/4/14,1503.2911
2020/4/15,1508.2414
2020/4/16,1538.5933
2020/4/17,1559.0189
2020/4/20,1561.2273
2020/4/21,1539.3935
2020/4/22,1554.0978
2020/4/23,1529.4973
2020/4/24,1517.4574
2020/4/27,1521.7489
2020/4/28,1527.7905
2020/4/29,1527.9789
2020/4/30,1587.1377
2020/5/6,1614.9621
2020/5/7,1606.8088
2020/5/8,1616.8319
2020/5/11,1596.328
2020/5/12,1606.2279
2020/5/13,1612.8029
2020/5/14,1583.0825
2020/5/15,1602.7116
2020/5/18,1583.6625
2020/5/19,1605.7996
2020/5/20,1622.8239
2020/5/21,1588.915
2020/5/22,1549.799
2020/5/25,1544.1145
2020/5/26,1583.2548
2020/5/27,1578.3376
2020/5/28,1566.2741
2020/5/29,1581.8023
2020/6/1,1639.1454
2020/6/2,1638.0906
2020/6/3,1628.7106
2020/6/4,1637.3476
2020/6/5,1643.8545
2020/6/8,1655.1507
2020/6/9,1663.8212
2020/6/10,1669.5472
2020/6/11,1692.4759
2020/6/12,1675.2577
2020/6/15,1677.1948
2020/6/16,1708.4969
2020/6/17,1697.0372
2020/6/18,1710.5055
2020/6/19,1747.5862
2020/6/22,1770.9057
2020/6/23,1781.3603
2020/6/24,1790.3771
2020/6/29,1801.7766
2020/6/30,1823.6818
2020/7/1,1829.3952
2020/7/2,1842.1463
2020/7/3,1870.6598
2020/7/6,1960.2764
2020/7/7,2015.5145
2020/7/8,2058.1051
2020/7/9,2103.3294
2020/7/10,2080.4132
2020/7/13,2186.9003
2020/7/14,2135.9057
2020/7/15,2099.36
2020/7/16,1990.6653
2020/7/17,1992.5575
2020/7/20,2075.2654
2020/7/21,2090.6945
2020/7/22,2094.4549
2020/7/23,2144.7212
2020/7/24,2029.8558
2020/7/27,2037.54
2020/7/28,2049.3155
2020/7/29,2111.1471
2020/7/30,2150.2397
2020/7/31,2181.245
2020/8/3,2220.6669
2020/8/4,2202.9979
2020/8/5,2211.6716
2020/8/6,2184.2229
2020/8/7,2176.5169
2020/8/10,2184.3665
2020/8/11,2150.4352
2020/8/12,2131.3337
2020/8/13,2138.4965
2020/8/14,2150.6776
2020/8/17,2167.263
2020/8/18,2179.9933
2020/8/19,2114.5978
2020/8/20,2068.3711
2020/8/21,2092.6593
2020/8/24,2150.7792
2020/8/25,2132.6449
2020/8/26,2070.0018
2020/8/27,2116.1412
2020/8/28,2152.8672
2020/8/31,2142.9201
2020/9/1,2193.1703
2020/9/2,2191.5026
2020/9/3,2168.1738
2020/9/4,2151.9962
2020/9/7,2086.6732
2020/9/8,2099.1631
2020/9/9,2038.9656
2020/9/10,2012.5951
2020/9/11,2107.633
2020/9/14,2162.2957
2020/9/15,2179.6313
2020/9/16,2198.4193
2020/9/17,2233.4068
2020/9/18,2238.4618
2020/9/21,2222.3177
2020/9/22,2177.5863
2020/9/23,2235.4518
2020/9/24,2135.2282
2020/9/25,2146.9921
2020/9/28,2171.6964
2020/9/29,2202.6182
2020/9/30,2215.879
2020/10/9,2370.5557
2020/10/12,2438.4888
2020/10/13,2458.9275
2020/10/14,2460.0408
2020/10/15,2429.1616
2020/10/16,2377.2982
2020/10/19,2324.5361
2020/10/20,2377.8961
2020/10/21,2322.0748
2020/10/22,2313.7941
2020/10/23,2267.62
2020/10/26,2323.3072
2020/10/27,2342.2597
2020/10/28,2379.2201
2020/10/29,2387.7746
2020/10/30,2377.0474
2020/11/2,2437.7361
2020/11/3,2432.0179
2020/11/4,2419.9267
2020/11/5,2523.5612
2020/11/6,2481.8127
2020/11/9,2526.9207
2020/11/10,2530.5981
2020/11/11,2465.4801
2020/11/12,2467.5403
2020/11/13,2461.4051
2020/11/16,2469.8341
2020/11/17,2410.6021
2020/11/18,2368.943
2020/11/19,2392.7067
2020/11/20,2456.6204
2020/11/23,2519.0976
2020/11/24,2534.572
2020/11/25,2495.0693
2020/11/26,2485.9661
2020/11/27,2479.0399
2020/11/30,2466.1434
2020/12/1,2498.1994
2020/12/2,2477.3834
2020/12/3,2461.9226
2020/12/4,2486.1118
2020/12/7,2525.7287
2020/12/8,2566.4298
2020/12/9,2542.5113
2020/12/10,2579.7358
2020/12/11,2545.2152
2020/12/14,2629.8658
2020/12/15,2678.514
2020/12/16,2692.2753
2020/12/17,2705.2135
2020/12/18,2770.4494
2020/12/21,2936.7088
2020/12/22,2867.4196
2020/12/23,2986.3191
2020/12/24,2956.1645
2020/12/25,3082.3914
2020/12/28,3079.041
2020/12/29,2914.8785
2020/12/30,3019.6659
2020/12/31,3085.8088
2021/1/4,3316.9858
2021/1/5,3335.7856
2021/1/6,3334.1895
2021/1/7,3447.8543
2021/1/8,3381.8285
2021/1/11,3233.2524
2021/1/12,3340.9708
2021/1/13,3265.307
2021/1/14,3171.1955
2021/1/15,3214.6177
2021/1/18,3261.138
2021/1/19,3166.6791
2021/1/20,3307.5978
2021/1/21,3411.91
2021/1/22,3545.2763
2021/1/25,3535.2907
2021/1/26,3466.3996
2021/1/27,3570.7063
2021/1/28,3388.8669
2021/1/29,3299.4208
2021/2/1,3255.9335
2021/2/2,3369.01
2021/2/3,3368.3292
2021/2/4,3324.2035
2021/2/5,3260.9507
2021/2/8,3305.4607
2021/2/9,3421.7508
2021/2/10,3486.5014
2021/2/18,3458.8652
2021/2/19,3394.0314
2021/2/22,3323.9349
2021/2/23,3305.1901
2021/2/24,3155.1865
2021/2/25,3111.8349
2021/2/26,3057.0825
2021/3/1,3165.5734
2021/3/2,3157.8082
2021/3/3,3162.8907
2021/3/4,2955.0856
2021/3/5,2951.3338
2021/3/8,2796.4318
2021/3/9,2726.647
2021/3/10,2773.0118
2021/3/11,2869.2133
2021/3/12,2916.8158
2021/3/15,2802.1162
2021/3/16,2817.3079
2021/3/17,2862.6182
2021/3/18,2890.3239
2021/3/19,2799.9179
2021/3/22,2845.4033
2021/3/23,2763.2823
2021/3/24,2698.726
2021/3/25,2703.2887
2021/3/26,2833.6228
2021/3/29,2805.9939
2021/3/30,2866.044
2021/3/31,2849.5591
2021/4/1,2890.5302
2021/4/2,2893.4243
2021/4/6,2937.6367
2021/4/7,2891.7108
2021/4/8,2863.0848
2021/4/9,2812.8166
2021/4/12,2733.8668
2021/4/13,2742.6608
2021/4/14,2831.5367
2021/4/15,2836.9264
2021/4/16,2815.2598
2021/4/19,2955.0224
2021/4/20,2965.8994
2021/4/21,2953.5715
2021/4/22,2965.0556
2021/4/23,3009.2706
2021/4/26,2969.0525
2021/4/27,2948.3864
2021/4/28,3015.8317
2021/4/29,3019.9744
2021/4/30,3096.9458
2021/5/6,3083.119
2021/5/7,3002.4437
2021/5/10,3038.7264
2021/5/11,2992.7174
2021/5/12,2991.1288
2021/5/13,2923.9273
2021/5/14,2988.5975
2021/5/17,3093.5759
2021/5/18,3084.2267
2021/5/19,3155.5937
2021/5/20,3143.6336
2021/5/21,3151.705
2021/5/24,3167.9874
2021/5/25,3204.7139
2021/5/26,3155.6416
2021/5/27,3170.8502
2021/5/28,3267.0165
2021/5/31,3424.162
2021/6/1,3382.8485
2021/6/2,3359.6355
2021/6/3,3302.2034
2021/6/4,3355.5794
2021/6/7,3295.7625
2021/6/8,3270.0717
2021/6/9,3288.095
2021/6/10,3433.7641
2021/6/11,3491.1974
2021/6/15,3451.88
2021/6/16,3255.2394
2021/6/17,3331.1083
2021/6/18,3451.2274
2021/6/21,3508.9333
2021/6/22,3518.1011
2021/6/23,3589.7584
2021/6/24,3617.3297
2021/6/25,3662.425
2021/6/28,3722.2672
2021/6/29,3775.9091
2021/6/30,3848.3775
2021/7/1,3754.3428
2021/7/2,3715.8807
2021/7/5,3803.9223
2021/7/6,3770.9553
2021/7/7,3998.7497
2021/7/8,4079.1755
2021/7/9,4134.789
2021/7/12,4286.6069
2021/7/13,4308.834
2021/7/14,4167.8928
2021/7/15,4303.1222
2021/7/16,4173.6019
2021/7/19,4112.3707
2021/7/20,4164.104
2021/7/21,4374.2379
2021/7/22,4441.1513
2021/7/23,4410.8598
2021/7/26,4370.2125
2021/7/27,4086.3203
2021/7/28,4099.8116
2021/7/29,4391.8069
2021/7/30,4422.5709
2021/8/2,4476.1426
2021/8/3,4268.6707
2021/8/4,4588.4052
2021/8/5,4604.6121
2021/8/6,4671.7316
2021/8/9,4531.6451
2021/8/10,4500.9484
2021/8/11,4550.0703
2021/8/12,4538.4225
2021/8/13,4484.707
2021/8/16,4344.8731
2021/8/17,4313.1746
2021/8/18,4298.2142
2021/8/19,4405.5779
2021/8/20,4394.6307
2021/8/23,4513.8833
2021/8/24,4626.5114
2021/8/25,4726.9929
2021/8/26,4647.3849
2021/8/27,4744.2141
2021/8/30,4905.6762
2021/8/31,4853.1494
2021/9/1,4579.411
2021/9/2,4726.0893
2021/9/3,4564.6082
2021/9/6,4607.3201
2021/9/7,4735.6145
2021/9/8,4642.4372
2021/9/9,4657.4461
2021/9/10,4709.0425
2021/9/13,4622.9961
2021/9/14,4684.9815
2021/9/15,4795.2054
2021/9/16,4547.2631
2021/9/17,4567.642
2021/9/22,4599.0597
2021/9/23,4598.149
2021/9/24,4652.5652
2021/9/27,4564.557
2021/9/28,4499.458
2021/9/29,4426.0786
2021/9/30,4575.0213
2021/10/8,4460.1177
2021/10/11,4412.4548
2021/10/12,4330.8775
2021/10/13,4489.8544
2021/10/14,4550.0811
2021/10/15,4665.3762
2021/10/18,4785.5046
2021/10/19,4790.5124
2021/10/20,4877.294
2021/10/21,4807.6769
2021/10/22,4729.2373
2021/10/25,4910.8366
2021/10/26,4894.8579
2021/10/27,5017.4695
2021/10/28,4953.0467
2021/10/29,5066.4622
2021/11/1,5015.7657
2021/11/2,4984.5553
2021/11/3,4859.2609
2021/11/4,4960.2792
2021/11/5,4862.3989
2021/11/8,5018.5123
2021/11/9,5052.678
2021/11/10,4968.9449
2021/11/11,4966.0909
2021/11/12,4997.6445
2021/11/15,4812.052
2021/11/16,4729.3196
2021/11/17,4858.0058
2021/11/18,4852.249
2021/11/19,4917.8641
2021/11/22,5096.5237
2021/11/23,5052.6498
2021/11/24,4948.2555
2021/11/25,4886.0705
2021/11/26,4957.7565
2021/11/29,5041.5209
2021/11/30,5049.3569
2021/12/1,4992.18
2021/12/2,4968.1479
2021/12/3,4977.77
2021/12/6,4872.5165
2021/12/7,4785.3508
2021/12/8,4870.0271
2021/12/9,4838.3136
2021/12/10,4918.0362
2021/12/13,4929.5313
2021/12/14,4877.1343
2021/12/15,4845.3308
2021/12/16,4874.0012
2021/12/17,4740.5812
2021/12/20,4532.4673
2021/12/21,4541.268
2021/12/22,4557.6182
2021/12/23,4584.8481
2021/12/24,4398.0037
2021/12/27,4398.9724
2021/12/28,4512.9615
2021/12/29,4498.0426
2021/12/30,4504.429
2021/12/31,4608.6348
2022/1/4,4444.7407
2022/1/5,4274.1747
2022/1/6,4279.8493
2022/1/7,4185.6599
2022/1/10,4163.4254
2022/1/11,4110.4799
2022/1/12,4270.008
2022/1/13,4204.1516
2022/1/14,4260.1819
2022/1/17,4319.5418
2022/1/18,4291.8254
2022/1/19,4165.2262
2022/1/20,4133.4701
2022/1/21,4131.429
2022/1/24,4243.4737
2022/1/25,4138.831
2022/1/26,4219.686
2022/1/27,4092.7671
2022/1/28,4053.6826
2022/2/7,4099.5471
2022/2/8,3953.1531
2022/2/9,3976.5767
2022/2/10,3863.7606
2022/2/11,3773.4315
2022/2/14,3789.3733
2022/2/15,3943.0634
2022/2/16,3938.4715
2022/2/17,4047.1278
2022/2/18,4000.0119
2022/2/21,3984.7512
2022/2/22,4016.1322
2022/2/23,4155.5506
2022/2/24,4125.3901
2022/2/25,4223.2328
2022/2/28,4310.007
2022/3/1,4295.2199
2022/3/2,4249.4136
2022/3/3,4170.7155
2022/3/4,4096.2096
2022/3/7,3970.338
2022/3/8,3884.2813
2022/3/9,3889.2981
2022/3/10,4056.7023
2022/3/11,4020.599
2022/3/14,3893.4415
2022/3/15,3820.7611
2022/3/16,4024.1995
2022/3/17,4049.5732
2022/3/18,4020.1636
2022/3/21,4063.4389
2022/3/22,4000.3294
2022/3/23,4009.3644
2022/3/24,3951.8507
2022/3/25,3833.16
2022/3/28,3772.7178
2022/3/29,3784.2267
2022/3/30,3924.8716
2022/3/31,3800.2074
2022/4/1,3819.4021
2022/4/6,3714.3988
2022/4/7,3660.3545
2022/4/8,3631.2386
2022/4/11,3433.2774
2022/4/12,3473.5579
2022/4/13,3429.8998
2022/4/14,3400.5866
2022/4/15,3354.4814
2022/4/18,3435.9266
2022/4/19,3425.8111
2022/4/20,3288.5943
2022/4/21,3148.6952
2022/4/22,3119.7433
2022/4/25,2889.4878
2022/4/26,2827.9784
2022/4/27,3064.3769
2022/4/28,3106.2699
2022/4/29,3243.5336
2022/5/5,3237.8678
2022/5/6,3176.9141
2022/5/9,3197.8568
2022/5/10,3295.7053
2022/5/11,3432.3686
2022/5/12,3399.524
2022/5/13,3417.1695
2022/5/16,3377.7426
2022/5/17,3498.1167
2022/5/18,3531.777
2022/5/19,3650.5896
2022/5/20,3691.12
2022/5/23,3686.6864
2022/5/24,3554.2983
2022/5/25,3572.9828
2022/5/26,3576.3022
2022/5/27,3566.9717
2022/5/30,3602.5013
2022/5/31,3681.6724
2022/6/1,3698.6501
2022/6/2,3787.2049
2022/6/6,3985.5012
2022/6/7,3979.9336
2022/6/8,3998.4991
2022/6/9,3932.8443
2022/6/10,4037.6834
2022/6/13,4079.6294
2022/6/14,4043.4614
2022/6/15,4016.1185
2022/6/16,4071.4988
2022/6/17,4219.9057
2022/6/20,4293.4038
2022/6/21,4237.7431
2022/6/22,4268.9596
2022/6/23,4372.3997
2022/6/24,4466.2763
2022/6/27,4493.81
2022/6/28,4571.2577
2022/6/29,4377.4555
2022/6/30,4481.2575
2022/7/1,4469.737
2022/7/4,4557.6766
2022/7/5,4593.0386
2022/7/6,4562.2561
2022/7/7,4692.1338
2022/7/8,4566.5778
2022/7/11,4427.8312
2022/7/12,4364.6213
2022/7/13,4472.6135
2022/7/14,4589.9346
2022/7/15,4530.5388
2022/7/18,4549.5477
2022/7/19,4449.54
2022/7/20,4472.6912
2022/7/21,4389.9442
2022/7/22,4410.7122
2022/7/25,4321.7355
2022/7/26,4382.2645
2022/7/27,4440.3993
2022/7/28,4396.2962
2022/7/29,4370.2332
2022/8/1,4466.0176
2022/8/2,4362.7949
2022/8/3,4227.5907
2022/8/4,4225.5557
2022/8/5,4264.3486
2022/8/8,4293.036
2022/8/9,4385.4795
2022/8/10,4341.2933
2022/8/11,4383.3075
2022/8/12,4313.1365
2022/8/15,4455.7267
2022/8/16,4481.8611
2022/8/17,4503.2055
2022/8/18,4528.6556
2022/8/19,4396.5798
2022/8/22,4468.7874
2022/8/23,4499.9834
2022/8/24,4330.6404
2022/8/25,4242.0635
2022/8/26,4218.3723
2022/8/29,4225.7034
2022/8/30,4175.0977
2022/8/31,3995.7682
2022/9/1,3953.5524
2022/9/2,3916.4322
2022/9/5,3944.0765
2022/9/6,4055.7574
2022/9/7,4116.969
2022/9/8,4056.2751
2022/9/9,4058.9526
2022/9/13,4054.5712
2022/9/14,3973.8594
2022/9/15,3758.6373
2022/9/16,3691.7178
2022/9/19,3693.8107
2022/9/20,3795.0659
2022/9/21,3772.1005
2022/9/22,3770.6238
2022/9/23,3731.8479
2022/9/26,3775.091
2022/9/27,3792.6857
2022/9/28,3644.091
2022/9/29,3698.2013
2022/9/30,3581.73
2022/10/10,3496.318
2022/10/11,3579.6843
2022/10/12,3715.3182
2022/10/13,3681.4088
2022/10/14,3801.2382
2022/10/17,3762.1043
2022/10/18,3774.144
2022/10/19,3748.5895
2022/10/20,3648.6137
2022/10/21,3651.2416
2022/10/24,3589.8497
2022/10/25,3652.6793
2022/10/26,3695.9001
2022/10/27,3647.4879
2022/10/28,3501.1984
2022/10/31,3481.3001
2022/11/1,3625.1354
2022/11/2,3685.1624
2022/11/3,3678.1868
2022/11/4,3864.9227
2022/11/7,3872.1744
2022/11/8,3848.2581
2022/11/9,3773.4583
2022/11/10,3676.5789
2022/11/11,3725.2014
2022/11/14,3607.4835
2022/11/15,3683.2647
2022/11/16,3607.0531
2022/11/17,3547.5167
2022/11/18,3546.8134
2022/11/21,3576.8276
2022/11/22,3493.2358
2022/11/23,3559.3148
2022/11/24,3556.2161
2022/11/25,3474.8568
2022/11/28,3452.9457
2022/11/29,3458.8699
2022/11/30,3496.0917
2022/12/1,3546.676
2022/12/2,3557.9672
2022/12/5,3495.5636
2022/12/6,3509.4984
2022/12/7,3552.3953
2022/12/8,3564.4561
2022/12/9,3553.2797
2022/12/12,3495.0464
2022/12/13,3423.581
2022/12/14,3397.1801
2022/12/15,3466.5235
2022/12/16,3393.3909
2022/12/19,3398.9807
2022/12/20,3362.8971
2022/12/21,3315.5726
2022/12/22,3229.5806
2022/12/23,3191.0339
2022/12/26,3326.1329
2022/12/27,3365.904
2022/12/28,3347.4251
2022/12/29,3333.3581
2022/12/30,3313.5794
2023/1/3,3355.5913
2023/1/4,3281.3238
2023/1/5,3374.7252
2023/1/6,3482.6016
2023/1/9,3497.0192
2023/1/10,3525.3992
2023/1/11,3476.7693
2023/1/12,3520.1838
2023/1/13,3513.9923
2023/1/16,3537.7518
2023/1/17,3554.9784
2023/1/18,3572.0251
2023/1/19,3560.3401
2023/1/20,3634.0389
2023/1/30,3701.7518
2023/1/31,3705.9179
2023/2/1,3733.4534
2023/2/2,3693.8113
2023/2/3,3630.2967
2023/2/6,3588.185
2023/2/7,3580.5305
2023/2/8,3578.5541
2023/2/9,3611.7974
2023/2/10,3556.6999
2023/2/13,3569.3081
2023/2/14,3556.0635
2023/2/15,3530.762
2023/2/16,3465.2362
2023/2/17,3386.8366
2023/2/20,3416.0845
2023/2/21,3438.973
2023/2/22,3405.1608
2023/2/23,3452.5325
2023/2/24,3402.5498
2023/2/27,3391.0245
2023/2/28,3404.3004
2023/3/1,3395.7846
2023/3/2,3341.7796
2023/3/3,3341.4115
2023/3/6,3408.652
2023/3/7,3366.2486
2023/3/8,3339.9139
2023/3/9,3327.3624
2023/3/10,3298.1135
2023/3/13,3259.3239
2023/3/14,3222.2903
2023/3/15,3220.5003
2023/3/16,3109.4789
2023/3/17,3087.3679
2023/3/20,3111.1083
2023/3/21,3159.0621
2023/3/22,3169.5637
2023/3/23,3154.4561
2023/3/24,3163.5399
2023/3/27,3190.382
2023/3/28,3148.1007
2023/3/29,3161.8425
2023/3/30,3188.2954
2023/3/31,3194.3553
2023/4/3,3212.0733
2023/4/4,3142.226
2023/4/6,3144.4384
2023/4/7,3146.0504
2023/4/10,3210.0802
2023/4/11,3205.7823
2023/4/12,3149.4878
2023/4/13,3127.7767
2023/4/14,3177.1568
2023/4/17,3205.1848
2023/4/18,3225.9901
2023/4/19,3188.6678
2023/4/20,3099.1743
2023/4/21,3071.923
2023/4/24,3002.3406
2023/4/25,2899.6446
2023/4/26,3050.9653
2023/4/27,3055.3648
2023/4/28,3035.7915
2023/5/4,3015.6888
2023/5/5,2968.3152
2023/5/8,2991.7466
2023/5/9,2937.3371
2023/5/10,2992.6702
2023/5/11,3032.0636
2023/5/12,2984.5104
2023/5/15,3089.5482
2023/5/16,3090.4431
2023/5/17,3083.1979
2023/5/18,3030.7756
2023/5/19,3014.5382
2023/5/22,3033.0312
2023/5/23,3004.4294
2023/5/24,3018.0148
2023/5/25,3031.6982
2023/5/26,2965.0506
2023/5/29,2893.6043
2023/5/30,2893.1795
2023/5/31,2842.7863
2023/6/1,2838.5416
2023/6/2,2894.1078
2023/6/5,2839.0196
2023/6/6,2805.7224
2023/6/7,2746.368
2023/6/8,2754.8663
2023/6/9,2783.5629
2023/6/12,2789.6805
2023/6/13,2779.8931
2023/6/14,2746.746
2023/6/15,2885.127
2023/6/16,2914.5128
2023/6/19,2886.1422
2023/6/20,2885.2967
2023/6/21,2844.4216
2023/6/26,2854.734
2023/6/27,2863.3708
2023/6/28,2886.7575
2023/6/29,2869.8213
2023/6/30,2914.685
2023/7/3,2929.2853
2023/7/4,2910.4366
2023/7/5,2885.6306
2023/7/6,2858.1369
2023/7/7,2820.2836
2023/7/10,2901.5193
2023/7/11,2891.7855
2023/7/12,2901.9581
2023/7/13,2922.2204
2023/7/14,2875.9748
2023/7/17,2847.1716
2023/7/18,2826.3979
2023/7/19,2792.2765
2023/7/20,2787.9248
2023/7/21,2760.6388
2023/7/24,2721.8298
2023/7/25,2783.6869
2023/7/26,2786.2411
2023/7/27,2767.6066
2023/7/28,2797.5161
2023/7/31,2833.0669
2023/8/1,2807.6656
2023/8/2,2795.4681
2023/8/3,2833.3243
2023/8/4,2857.9738
2023/8/7,2840.8061
2023/8/8,2823.8919
2023/8/9,2812.9461
2023/8/10,2832.282
2023/8/11,2769.1387
2023/8/14,2734.9889
2023/8/15,2686.3852
2023/8/16,2659.5008
2023/8/17,2665.8994
2023/8/18,2638.454
2023/8/21,2579.1619
2023/8/22,2547.7798
2023/8/23,2476.5316
2023/8/24,2504.2656
2023/8/25,2485.4248
2023/8/28,2501.4945
2023/8/29,2557.4359
2023/8/30,2550.2795
2023/8/31,2518.9961
2023/9/1,2519.333
2023/9/4,2544.369
2023/9/5,2551.577
2023/9/6,2530.7086
2023/9/7,2463.7876
2023/9/8,2429.6808
2023/9/11,2447.9698
2023/9/12,2453.0737
2023/9/13,2424.0194
2023/9/14,2396.3899
2023/9/15,2370.5947
2023/9/18,2400.9957
2023/9/19,2371.1347
2023/9/20,2342.5899
2023/9/21,2318.7747
2023/9/22,2356.9888
2023/9/25,2347.0712
2023/9/26,2322.7683
2023/9/27,2372.5259
2023/9/28,2370.89
2023/10/9,2347.4263
2023/10/10,2332.6373
2023/10/11,2329.4879
2023/10/12,2389.1453
2023/10/13,2344.9868
2023/10/16,2290.4267
2023/10/17,2302.9026
2023/10/18,2265.829
2023/10/19,2235.6345
2023/10/20,2261.0385
2023/10/23,2189.1189
2023/10/24,2202.9341
2023/10/25,2191.8315
2023/10/26,2173.202
2023/10/27,2256.2792
2023/10/30,2278.6242
2023/10/31,2247.5464
2023/11/1,2227.0431
2023/11/2,2183.7011
2023/11/3,2213.0741
2023/11/6,2285.8159
2023/11/7,2275.0071
2023/11/8,2276.8906
2023/11/9,2304.0834
2023/11/10,2275.3064
2023/11/13,2280.0423
2023/11/14,2267.8279
2023/11/15,2301.9775
2023/11/16,2246.5579
2023/11/17,2247.7053
2023/11/20,2249.1472
2023/11/21,2234.5077
2023/11/22,2185.7377
2023/11/23,2193.8476
2023/11/24,2160.3891
2023/11/27,2122.5427
2023/11/28,2130.4488
2023/11/29,2097.3693
2023/11/30,2086.6399
2023/12/1,2074.8779
2023/12/4,2057.0233
2023/12/5,2031.7333
2023/12/6,2077.3525
2023/12/7,2060.7059
2023/12/8,2057.3124
2023/12/11,2058.4731
2023/12/12,2046.3829
2023/12/13,1995.0718
2023/12/14,1985.0485
2023/12/15,1988.9764
2023/12/18,1943.8451
2023/12/19,1956.9422
2023/12/20,1936.7351
2023/12/21,1988.5804
2023/12/22,2019.4093
2023/12/25,2028.6254
2023/12/26,2019.5695
2023/12/27,2001.6638
2023/12/28,2131.6523
2023/12/29,2125.573
2024/1/2,2085.6538
2024/1/3,2091.904
2024/1/4,2052.5084
2024/1/5,2025.5103
2024/1/8,2004.9363
2024/1/9,2030.6832
2024/1/10,2048.9428
2024/1/11,2100.4445
2024/1/12,2099.2625
2024/1/15,2067.2679
2024/1/16,2093.6019
2024/1/17,2027.8946
2024/1/18,2084.7589
2024/1/19,2055.826
2024/1/22,1993.8891
2024/1/23,2015.4539
2024/1/24,2002.6876
2024/1/25,2035.6673
2024/1/26,1998.6966
2024/1/29,1905.6869
2024/1/30,1855.3131
2024/1/31,1820.7925
2024/2/1,1823.3024
2024/2/2,1761.986
2024/2/5,1727.0814
2024/2/6,1835.8019
2024/2/7,1879.6055
2024/2/8,1915.3357
2024/2/19,1910.8578
2024/2/20,1900.0867
2024/2/21,1923.4279
2024/2/22,1935.2849
2024/2/23,1954.6169
2024/2/26,1940.2634
2024/2/27,1968.5023
2024/2/28,1943.6813
2024/2/29,2012.9868
2024/3/1,2023.8716
2024/3/4,2031.076
2024/3/5,2002.609
2024/3/6,2034.4134
2024/3/7,1991.0796
2024/3/8,2030.198
2024/3/11,2144.8781
2024/3/12,2143.1628
2024/3/13,2129.1849
2024/3/14,2103.173
2024/3/15,2095.9687
2024/3/18,2145.0944
2024/3/19,2116.1172
2024/3/20,2120.1119
2024/3/21,2095.9794
2024/3/22,2041.5918
2024/3/25,2009.1224
2024/3/26,2050.9664
2024/3/27,1987.9789
2024/3/28,2003.3912
2024/3/29,2019.4443
2024/4/1,2082.9144
2024/4/2,2101.7218
2024/4/3,2089.1104
2024/4/8,2050.2625
2024/4/9,2092.0355
2024/4/10,2055.832
2024/4/11,2048.3476
2024/4/12,1996.2437
2024/4/15,2024.99
2024/4/16,1962.3186
2024/4/17,2005.7467
2024/4/18,1997.115
2024/4/19,1949.3911
2024/4/22,1940.2184
2024/4/23,1912.6795
2024/4/24,1892.899
2024/4/25,1898.6597
2024/4/26,1934.3156
2024/4/29,2016.8245
2024/4/30,1974.9869
2024/5/6,2012.7495
2024/5/7,2018.5239
2024/5/8,1984.3984
2024/5/9,2043.0589
2024/5/10,2018.0174
2024/5/13,2002.117
2024/5/14,1988.0229
2024/5/15,1968.0807
2024/5/16,1962.5812
2024/5/17,1978.8919
2024/5/20,1985.8827
2024/5/21,1962.1496
2024/5/22,2030.2855
2024/5/23,1986.8054
2024/5/24,1965.8427
2024/5/27,1963.2407
2024/5/28,1953.4223
2024/5/29,1987.4275
2024/5/30,1980.8328
2024/5/31,1956.5464
2024/6/3,1955.9111
2024/6/4,1984.9153
2024/6/5,1966.5894
2024/6/6,1931.0533
2024/6/7,1894.8341
2024/6/11,1892.231
2024/6/12,1884.1794
2024/6/13,1878.6625
2024/6/14,1871.7067
2024/6/17,1879.8488
2024/6/18,1882.468
2024/6/19,1848.2695
2024/6/20,1808.723
2024/6/21,1796.5568
2024/6/24,1768.3037
2024/6/25,1736.5029
2024/6/26,1766.0578
2024/6/27,1728.4023
2024/6/28,1714.973
2024/7/1,1724.1181
2024/7/2,1700.1588
2024/7/3,1701.0947
2024/7/4,1672.1555
2024/7/5,1677.0334
2024/7/8,1641.5297
2024/7/9,1650.4103
2024/7/10,1645.4387
2024/7/11,1703.9353
2024/7/12,1709.6192
2024/7/15,1695.3923
2024/7/16,1723.4948
2024/7/17,1718.8673
2024/7/18,1740.6049
2024/7/19,1757.2465
2024/7/22,1755.152
2024/7/23,1715.4629
2024/7/24,1700.058
2024/7/25,1732.6314
2024/7/26,1747.5264
2024/7/29,1712.0705
2024/7/30,1703.5083
2024/7/31,1745.5962
2024/8/1,1723.1197
2024/8/2,1700.3121
2024/8/5,1682.0253
2024/8/6,1718.4627
2024/8/7,1715.6882
2024/8/8,1705.3349
2024/8/9,1682.07
2024/8/12,1674.6919
2024/8/13,1687.8228
2024/8/14,1665.7448
2024/8/15,1682.0696
2024/8/16,1662.6801
2024/8/19,1656.073
2024/8/20,1641.5295
2024/8/21,1634.8444
2024/8/22,1620.233
2024/8/23,1610.4419
2024/8/26,1639.3609
2024/8/27,1624.1391
2024/8/28,1625.6613
2024/8/29,1655.4969
2024/8/30,1677.9405
2024/9/2,1640.0877
2024/9/3,1659.0811
2024/9/4,1662.0733
2024/9/5,1666.6833
2024/9/6,1634.6442
2024/9/9,1621.976
2024/9/10,1611.8598
2024/9/11,1645.4194
2024/9/12,1644.6663
2024/9/13,1605.589
2024/9/18,1599.3444
2024/9/19,1614.3028
2024/9/20,1594.8254
2024/9/23,1585.389
2024/9/24,1665.8149
2024/9/25,1682.497
2024/9/26,1737.977
2024/9/27,1878.2027
2024/9/30,2101.3978
